<?xml version='1.0' encoding='UTF-8'?>
<?artifactRepository version='1.1.0'?>
<repository name='file:/Users/alexfernandezwhiteskylabs/Documents/scratchproject/java/hello-connector/target/update-site/ - artifacts' type='org.eclipse.equinox.p2.artifact.repository.simpleRepository' version='1'>
  <properties size='2'>
    <property name='p2.timestamp' value='1399603027344'/>
    <property name='p2.compressed' value='false'/>
  </properties>
  <mappings size='3'>
    <rule filter='(&amp; (classifier=osgi.bundle))' output='${repoUrl}/plugins/${id}_${version}.jar'/>
    <rule filter='(&amp; (classifier=binary))' output='${repoUrl}/binary/${id}_${version}'/>
    <rule filter='(&amp; (classifier=org.eclipse.update.feature))' output='${repoUrl}/features/${id}_${version}.jar'/>
  </mappings>
  <artifacts size='2'>
    <artifact classifier='osgi.bundle' id='org.mule.tooling.ui.contribution.hello' version='1.0.0.201405091036'>
      <properties size='3'>
        <property name='artifact.size' value='2679228'/>
        <property name='download.size' value='2679228'/>
        <property name='download.md5' value='d5b8f4b7abd5d843772a02024a8354e7'/>
      </properties>
    </artifact>
    <artifact classifier='org.eclipse.update.feature' id='org.mule.tooling.ui.extension.hello-connector' version='1.0.0.201405091036'>
      <properties size='4'>
        <property name='artifact.size' value='9853'/>
        <property name='download.size' value='9853'/>
        <property name='download.md5' value='d26191cbc5dbc6648449d011d8f56386'/>
        <property name='download.contentType' value='application/zip'/>
      </properties>
    </artifact>
  </artifacts>
</repository>
